statement ok
drop table if exists onecolumn

query III
select 1, NULL, 2
----
1 NULL 2

statement ok
CREATE TABLE onecolumn (x INT NULL)

statement ok
INSERT INTO onecolumn(x) VALUES (44), (NULL), (42)

query II
SELECT * FROM onecolumn AS a(x) CROSS JOIN onecolumn AS b(y)
----
44 44
44 NULL
44 42
NULL 44
NULL NULL
NULL 42
42 44
42 NULL
42 42

statement ok
drop table onecolumn
