statement ok
drop table if exists onecolumn;

statement ok
CREATE TABLE onecolumn (x INT NULL);

statement ok
INSERT INTO onecolumn(x) VALUES (44), (NULL), (42);


query I
select 1;
----
1

query II
SELECT * FROM onecolumn AS a(x) CROSS JOIN onecolumn AS b(y);
----
44 44
44 NULL
44 42
NULL 44
NULL NULL
NULL 42
42 44
42 NULL
42 42

statement ok
drop table onecolumn;
