statement ok
USE default

statement ok
DROP TABLE IF EXISTS `05_0031_t`

statement ok
CREATE TABLE `05_0031_t`(a int)

statement ok
INSERT INTO TABLE `05_0031_t` values(1),(2)

statement ok
INSERT INTO TABLE `05_0031_t` values(3)

query II
SELECT a,_row_id FROM `05_0031_t` order by _row_id
----
1 0
2 1
3 281474976710656

query II
SELECT a,_row_id FROM `05_0031_t` where _row_id = 0 
----
1 0

statement ok
DROP TABLE IF EXISTS `05_0031_t_1`

statement ok
CREATE TABLE `05_0031_t_1`(b int)

statement ok
INSERT INTO TABLE `05_0031_t_1` values(5),(6)

query II
SELECT a,`05_0031_t_1`._row_id FROM `05_0031_t` NATURAL JOIN `05_0031_t_1` order by a;
----
1 0
1 1
2 0
2 1
3 0
3 1